Galaxy_ID,Type,E0,E3-5,E7,Irr,S0,SBa,SBb,SBc,Sa,Sb,Sc
IC0749,Sc,0,0,0,0,0,0,0,0,0,0,1
IC0764,Sc,0,0,0,0,0,0,0,0,0,0,1
IC2035,S0,0,0,0,0,1,0,0,0,0,0,0
IC5152,E3-5,0,1,0,0,0,0,0,0,0,0,0
IC0764,Sb,0,0,0,0,0,0,0,0,0,1,0
IC1459,E0,1,0,0,0,0,0,0,0,0,0,0
IC1783,Sb,0,0,0,0,0,0,0,0,0,1,0
IC1788,Sb,0,0,0,0,0,0,0,0,0,1,0
IC1933,SBc,0,0,0,0,0,0,0,1,0,0,0
IC1953,SBb,0,0,0,0,0,0,1,0,0,0,0
IC1954,Sc,0,0,0,0,0,0,0,0,0,0,1
IC2006,E0,1,0,0,0,0,0,0,0,0,0,0
IC2056,Sc,0,0,0,0,0,0,0,0,0,0,1
IC2522,Sc,0,0,0,0,0,0,0,0,0,0,1
IC2537,Sc,0,0,0,0,0,0,0,0,0,0,1
IC2627,Sc,0,0,0,0,0,0,0,0,0,0,1
IC2995,Sc,0,0,0,0,0,0,0,0,0,0,1
IC3253,Sc,0,0,0,0,0,0,0,0,0,0,1
IC3370,E0,1,0,0,0,0,0,0,0,0,0,0
IC3896,E0,1,0,0,0,0,0,0,0,0,0,0
IC4296,E0,1,0,0,0,0,0,0,0,0,0,0
IC4329,S0,0,0,0,0,1,0,0,0,0,0,0
IC4351,Sb,0,0,0,0,0,0,0,0,0,1,0
IC4444,Sc,0,0,0,0,0,0,0,0,0,0,1
IC4662,Irr,0,0,0,1,0,0,0,0,0,0,0
IC4721,Sc,0,0,0,0,0,0,0,0,0,0,1
IC4837,Sc,0,0,0,0,0,0,0,0,0,0,1
IC4889,S0,0,0,0,0,1,0,0,0,0,0,0
IC5020,Sa,0,0,0,0,0,0,0,0,1,0,0
IC5039,Sc,0,0,0,0,0,0,0,0,0,0,1
IC5052,SBc,0,0,0,0,0,0,0,1,0,0,0
IC5063,Sa,0,0,0,0,0,0,0,0,1,0,0
IC5105,E3-5,0,1,0,0,0,0,0,0,0,0,0
IC5135,Sa,0,0,0,0,0,0,0,0,1,0,0
IC5156,Sb,0,0,0,0,0,0,0,0,0,1,0
IC5179,Sc,0,0,0,0,0,0,0,0,0,0,1
IC5181,S0,0,0,0,0,1,0,0,0,0,0,0
IC5201,SBc,0,0,0,0,0,0,0,1,0,0,0
IC5240,SBa,0,0,0,0,0,1,0,0,0,0,0
IC5267,Sa,0,0,0,0,0,0,0,0,1,0,0
IC5269,S0,0,0,0,0,1,0,0,0,0,0,0
IC5271,Sb,0,0,0,0,0,0,0,0,0,1,0
IC5273,SBc,0,0,0,0,0,0,0,1,0,0,0
IC5325,Sc,0,0,0,0,0,0,0,0,0,0,1
IC5328,S0,0,0,0,0,1,0,0,0,0,0,0
IC5332,Sc,0,0,0,0,0,0,0,0,0,0,1
IC0750,Sb,0,0,0,0,0,0,0,0,0,1,0
NGC0016,S0,0,0,0,0,1,0,0,0,0,0,0
NGC0023,Sb,0,0,0,0,0,0,0,0,0,1,0
NGC0024,Sc,0,0,0,0,0,0,0,0,0,0,1
NGC0045,Sc,0,0,0,0,0,0,0,0,0,0,1
NGC0055,Sc,0,0,0,0,0,0,0,0,0,0,1
NGC0095,Sc,0,0,0,0,0,0,0,0,0,0,1
NGC0128,S0,0,0,0,0,1,0,0,0,0,0,0
NGC0134,Sb,0,0,0,0,0,0,0,0,0,1,0
NGC0147,E0,1,0,0,0,0,0,0,0,0,0,0
NGC0148,S0,0,0,0,0,1,0,0,0,0,0,0
NGC0150,Sb,0,0,0,0,0,0,0,0,0,1,0
NGC0151,SBc,0,0,0,0,0,0,0,1,0,0,0
NGC0157,Sc,0,0,0,0,0,0,0,0,0,0,1
NGC0175,SBa,0,0,0,0,0,1,0,0,0,0,0
NGC0178,Sc,0,0,0,0,0,0,0,0,0,0,1
NGC0185,E0,1,0,0,0,0,0,0,0,0,0,0
NGC0205,E3-5,0,1,0,0,0,0,0,0,0,0,0
NGC0210,Sb,0,0,0,0,0,0,0,0,0,1,0
NGC0211,Sc,0,0,0,0,0,0,0,0,0,0,1
NGC0214,Sc,0,0,0,0,0,0,0,0,0,0,1
NGC0221,E0,1,0,0,0,0,0,0,0,0,0,0
NGC0224,Sb,0,0,0,0,0,0,0,0,0,1,0
NGC0227,E3-5,0,1,0,0,0,0,0,0,0,0,0
NGC0237,Sc,0,0,0,0,0,0,0,0,0,0,1
NGC0245,Sc,0,0,0,0,0,0,0,0,0,0,1
NGC0247,Sc,0,0,0,0,0,0,0,0,0,0,1
NGC0253,Sc,0,0,0,0,0,0,0,0,0,0,1
NGC0254,Sa,0,0,0,0,0,0,0,0,1,0,0
NGC0255,SBc,0,0,0,0,0,0,0,1,0,0,0
NGC0268,SBc,0,0,0,0,0,0,0,1,0,0,0
NGC0274,S0,0,0,0,0,1,0,0,0,0,0,0
NGC0275,SBc,0,0,0,0,0,0,0,1,0,0,0
NGC0278,Sb,0,0,0,0,0,0,0,0,0,1,0
NGC0289,SBc,0,0,0,0,0,0,0,1,0,0,0
NGC0300,Sc,0,0,0,0,0,0,0,0,0,0,1
NGC0309,Sc,0,0,0,0,0,0,0,0,0,0,1
NGC0337,Sc,0,0,0,0,0,0,0,0,0,0,1
NGC0357,SBa,0,0,0,0,0,1,0,0,0,0,0
NGC0404,S0,0,0,0,0,1,0,0,0,0,0,0
NGC0406,Sc,0,0,0,0,0,0,0,0,0,0,1
NGC0428,Sc,0,0,0,0,0,0,0,0,0,0,1
NGC0434,Sa,0,0,0,0,0,0,0,0,1,0,0
NGC0439,E3-5,0,1,0,0,0,0,0,0,0,0,0
NGC0450,Sc,0,0,0,0,0,0,0,0,0,0,1
NGC0470,Sb,0,0,0,0,0,0,0,0,0,1,0
NGC0473,Sb,0,0,0,0,0,0,0,0,0,1,0
NGC0474,Sa,0,0,0,0,0,0,0,0,1,0,0
NGC0488,Sa,0,0,0,0,0,0,0,0,1,0,0
NGC0491,SBb,0,0,0,0,0,0,1,0,0,0,0
NGC0514,Sc,0,0,0,0,0,0,0,0,0,0,1
NGC0520,Irr,0,0,0,1,0,0,0,0,0,0,0
NGC0521,SBc,0,0,0,0,0,0,0,1,0,0,0
NGC0524,Sa,0,0,0,0,0,0,0,0,1,0,0
NGC0533,E3-5,0,1,0,0,0,0,0,0,0,0,0
NGC0578,Sc,0,0,0,0,0,0,0,0,0,0,1
NGC0584,S0,0,0,0,0,1,0,0,0,0,0,0
NGC0596,E0,1,0,0,0,0,0,0,0,0,0,0
NGC0598,Sc,0,0,0,0,0,0,0,0,0,0,1
NGC0613,SBb,0,0,0,0,0,0,1,0,0,0,0
NGC0615,Sb,0,0,0,0,0,0,0,0,0,1,0
NGC0625,Irr,0,0,0,1,0,0,0,0,0,0,0
NGC0628,Sc,0,0,0,0,0,0,0,0,0,0,1
NGC0636,E0,1,0,0,0,0,0,0,0,0,0,0
NGC0670,Sb,0,0,0,0,0,0,0,0,0,1,0
NGC0672,SBc,0,0,0,0,0,0,0,1,0,0,0
NGC0681,Sa,0,0,0,0,0,0,0,0,1,0,0
NGC0685,SBc,0,0,0,0,0,0,0,1,0,0,0
NGC0701,Sc,0,0,0,0,0,0,0,0,0,0,1
NGC0718,Sa,0,0,0,0,0,0,0,0,1,0,0
NGC0720,E3-5,0,1,0,0,0,0,0,0,0,0,0
NGC0741,E0,1,0,0,0,0,0,0,0,0,0,0
NGC0749,SBc,0,0,0,0,0,0,0,1,0,0,0
NGC0750,E0,1,0,0,0,0,0,0,0,0,0,0
NGC0753,Sc,0,0,0,0,0,0,0,0,0,0,1
NGC0772,Sb,0,0,0,0,0,0,0,0,0,1,0
NGC0777,E0,1,0,0,0,0,0,0,0,0,0,0
NGC0779,Sb,0,0,0,0,0,0,0,0,0,1,0
NGC0782,SBb,0,0,0,0,0,0,1,0,0,0,0
NGC0788,Sa,0,0,0,0,0,0,0,0,1,0,0
NGC0821,E7,0,0,1,0,0,0,0,0,0,0,0
NGC0864,Sb,0,0,0,0,0,0,0,0,0,1,0
NGC0877,Sc,0,0,0,0,0,0,0,0,0,0,1
NGC0890,S0,0,0,0,0,1,0,0,0,0,0,0
NGC0891,Sb,0,0,0,0,0,0,0,0,0,1,0
NGC0895,Sc,0,0,0,0,0,0,0,0,0,0,1
NGC0908,Sc,0,0,0,0,0,0,0,0,0,0,1
NGC0922,Sc,0,0,0,0,0,0,0,0,0,0,1
NGC0925,SBc,0,0,0,0,0,0,0,1,0,0,0
NGC0936,SBa,0,0,0,0,0,1,0,0,0,0,0
NGC0941,Sc,0,0,0,0,0,0,0,0,0,0,1
NGC0949,Sc,0,0,0,0,0,0,0,0,0,0,1
NGC0955,Sb,0,0,0,0,0,0,0,0,0,1,0
NGC0958,Sb,0,0,0,0,0,0,0,0,0,1,0
NGC0972,Sb,0,0,0,0,0,0,0,0,0,1,0
NGC0976,Sb,0,0,0,0,0,0,0,0,0,1,0
NGC0986,SBb,0,0,0,0,0,0,1,0,0,0,0
NGC0991,Sc,0,0,0,0,0,0,0,0,0,0,1
NGC1022,SBa,0,0,0,0,0,1,0,0,0,0,0
NGC1023,SBa,0,0,0,0,0,1,0,0,0,0,0
NGC1035,Sc,0,0,0,0,0,0,0,0,0,0,1
NGC1042,Sc,0,0,0,0,0,0,0,0,0,0,1
NGC1052,E3-5,0,1,0,0,0,0,0,0,0,0,0
NGC1055,Sb,0,0,0,0,0,0,0,0,0,1,0
NGC1058,Sc,0,0,0,0,0,0,0,0,0,0,1
NGC1068,Sb,0,0,0,0,0,0,0,0,0,1,0
NGC1073,SBc,0,0,0,0,0,0,0,1,0,0,0
NGC1079,Sa,0,0,0,0,0,0,0,0,1,0,0
NGC1084,Sc,0,0,0,0,0,0,0,0,0,0,1
NGC1087,Sc,0,0,0,0,0,0,0,0,0,0,1
NGC1090,SBc,0,0,0,0,0,0,0,1,0,0,0
NGC1097,SBc,0,0,0,0,0,0,0,1,0,0,0
NGC1140,Sb,0,0,0,0,0,0,0,0,0,1,0
NGC1145,SBc,0,0,0,0,0,0,0,1,0,0,0
NGC1156,Irr,0,0,0,1,0,0,0,0,0,0,0
NGC1169,SBa,0,0,0,0,0,1,0,0,0,0,0
NGC1172,S0,0,0,0,0,1,0,0,0,0,0,0
NGC1175,S0,0,0,0,0,1,0,0,0,0,0,0
NGC1179,SBc,0,0,0,0,0,0,0,1,0,0,0
NGC1187,SBb,0,0,0,0,0,0,1,0,0,0,0
NGC1199,E0,1,0,0,0,0,0,0,0,0,0,0
NGC1201,S0,0,0,0,0,1,0,0,0,0,0,0
NGC1209,E7,0,0,1,0,0,0,0,0,0,0,0
NGC1211,SBb,0,0,0,0,0,0,1,0,0,0,0
NGC1232,Sc,0,0,0,0,0,0,0,0,0,0,1
NGC1241,SBb,0,0,0,0,0,0,1,0,0,0,0
NGC1249,SBc,0,0,0,0,0,0,0,1,0,0,0
NGC1255,Sc,0,0,0,0,0,0,0,0,0,0,1
NGC1275,Irr,0,0,0,1,0,0,0,0,0,0,0
NGC1288,Sa,0,0,0,0,0,0,0,0,1,0,0
NGC1291,SBa,0,0,0,0,0,1,0,0,0,0,0
NGC1292,Sc,0,0,0,0,0,0,0,0,0,0,1
NGC1297,E0,1,0,0,0,0,0,0,0,0,0,0
NGC1300,SBb,0,0,0,0,0,0,1,0,0,0,0
NGC1302,Sa,0,0,0,0,0,0,0,0,1,0,0
NGC1309,Sb,0,0,0,0,0,0,0,0,0,1,0
NGC1313,SBc,0,0,0,0,0,0,0,1,0,0,0
NGC1316,Sa,0,0,0,0,0,0,0,0,1,0,0
NGC1317,Sa,0,0,0,0,0,0,0,0,1,0,0
NGC1325,Sb,0,0,0,0,0,0,0,0,0,1,0
NGC1326,SBa,0,0,0,0,0,1,0,0,0,0,0
NGC1332,S0,0,0,0,0,1,0,0,0,0,0,0
NGC1337,Sc,0,0,0,0,0,0,0,0,0,0,1
NGC1339,E3-5,0,1,0,0,0,0,0,0,0,0,0
NGC1341,SBc,0,0,0,0,0,0,0,1,0,0,0
NGC1344,S0,0,0,0,0,1,0,0,0,0,0,0
NGC1350,Sa,0,0,0,0,0,0,0,0,1,0,0
NGC1351,E7,0,0,1,0,0,0,0,0,0,0,0
NGC1353,Sb,0,0,0,0,0,0,0,0,0,1,0
NGC1357,Sa,0,0,0,0,0,0,0,0,1,0,0
NGC1358,SBa,0,0,0,0,0,1,0,0,0,0,0
NGC1359,Sc,0,0,0,0,0,0,0,0,0,0,1
NGC1365,SBb,0,0,0,0,0,0,1,0,0,0,0
NGC1366,S0,0,0,0,0,1,0,0,0,0,0,0
NGC1371,Sa,0,0,0,0,0,0,0,0,1,0,0
NGC1374,E0,1,0,0,0,0,0,0,0,0,0,0
NGC1376,Sc,0,0,0,0,0,0,0,0,0,0,1
NGC1379,E0,1,0,0,0,0,0,0,0,0,0,0
NGC1380,Sa,0,0,0,0,0,0,0,0,1,0,0
NGC1381,S0,0,0,0,0,1,0,0,0,0,0,0
NGC1385,Sc,0,0,0,0,0,0,0,0,0,0,1
NGC1386,Sa,0,0,0,0,0,0,0,0,1,0,0
NGC1387,E7,0,0,1,0,0,0,0,0,0,0,0
NGC1389,S0,0,0,0,0,1,0,0,0,0,0,0
NGC1395,E0,1,0,0,0,0,0,0,0,0,0,0
NGC1398,SBb,0,0,0,0,0,0,1,0,0,0,0
NGC1399,E0,1,0,0,0,0,0,0,0,0,0,0
NGC1400,E0,1,0,0,0,0,0,0,0,0,0,0
NGC1404,E0,1,0,0,0,0,0,0,0,0,0,0
NGC1406,Sc,0,0,0,0,0,0,0,0,0,0,1
NGC1407,E0,1,0,0,0,0,0,0,0,0,0,0
NGC1411,S0,0,0,0,0,1,0,0,0,0,0,0
NGC1415,Sa,0,0,0,0,0,0,0,0,1,0,0
NGC1417,Sb,0,0,0,0,0,0,0,0,0,1,0
NGC1421,Sc,0,0,0,0,0,0,0,0,0,0,1
NGC1425,Sb,0,0,0,0,0,0,0,0,0,1,0
NGC1426,E3-5,0,1,0,0,0,0,0,0,0,0,0
NGC1427,E3-5,0,1,0,0,0,0,0,0,0,0,0
NGC1433,SBb,0,0,0,0,0,0,1,0,0,0,0
NGC1437,Sc,0,0,0,0,0,0,0,0,0,0,1
NGC1439,E0,1,0,0,0,0,0,0,0,0,0,0
NGC1440,S0,0,0,0,0,1,0,0,0,0,0,0
NGC1448,Sc,0,0,0,0,0,0,0,0,0,0,1
NGC1452,SBa,0,0,0,0,0,1,0,0,0,0,0
NGC1453,E0,1,0,0,0,0,0,0,0,0,0,0
NGC1461,S0,0,0,0,0,1,0,0,0,0,0,0
NGC1487,S0,0,0,0,0,1,0,0,0,0,0,0
NGC1493,SBc,0,0,0,0,0,0,0,1,0,0,0
NGC1494,Sc,0,0,0,0,0,0,0,0,0,0,1
NGC1507,Sc,0,0,0,0,0,0,0,0,0,0,1
NGC1511,Sc,0,0,0,0,0,0,0,0,0,0,1
NGC1512,SBb,0,0,0,0,0,0,1,0,0,0,0
NGC1515,Sb,0,0,0,0,0,0,0,0,0,1,0
NGC1518,Sc,0,0,0,0,0,0,0,0,0,0,1
NGC1521,E3-5,0,1,0,0,0,0,0,0,0,0,0
NGC1527,S0,0,0,0,0,1,0,0,0,0,0,0
NGC1531,S0,0,0,0,0,1,0,0,0,0,0,0
NGC1532,Sa,0,0,0,0,0,0,0,0,1,0,0
NGC1533,Sb,0,0,0,0,0,0,0,0,0,1,0
NGC1536,SBc,0,0,0,0,0,0,0,1,0,0,0
NGC1537,E7,0,0,1,0,0,0,0,0,0,0,0
NGC1543,SBa,0,0,0,0,0,1,0,0,0,0,0
NGC1546,Sb,0,0,0,0,0,0,0,0,0,1,0
NGC1549,E0,1,0,0,0,0,0,0,0,0,0,0
NGC1553,S0,0,0,0,0,1,0,0,0,0,0,0
NGC1559,SBc,0,0,0,0,0,0,0,1,0,0,0
NGC1566,Sc,0,0,0,0,0,0,0,0,0,0,1
NGC1569,Irr,0,0,0,1,0,0,0,0,0,0,0
NGC1574,E3-5,0,1,0,0,0,0,0,0,0,0,0
NGC1596,S0,0,0,0,0,1,0,0,0,0,0,0
NGC1600,E0,1,0,0,0,0,0,0,0,0,0,0
NGC1617,Sa,0,0,0,0,0,0,0,0,1,0,0
NGC1625,Sb,0,0,0,0,0,0,0,0,0,1,0
NGC1637,SBc,0,0,0,0,0,0,0,1,0,0,0
NGC1638,Sa,0,0,0,0,0,0,0,0,1,0,0
NGC1640,SBb,0,0,0,0,0,0,1,0,0,0,0
NGC1659,Sc,0,0,0,0,0,0,0,0,0,0,1
NGC1667,Sc,0,0,0,0,0,0,0,0,0,0,1
NGC1672,Sb,0,0,0,0,0,0,0,0,0,1,0
NGC1688,SBc,0,0,0,0,0,0,0,1,0,0,0
NGC1700,E3-5,0,1,0,0,0,0,0,0,0,0,0
NGC1705,Sa,0,0,0,0,0,0,0,0,1,0,0
NGC1726,E3-5,0,1,0,0,0,0,0,0,0,0,0
NGC1744,SBc,0,0,0,0,0,0,0,1,0,0,0
NGC1784,SBb,0,0,0,0,0,0,1,0,0,0,0
NGC1792,Sc,0,0,0,0,0,0,0,0,0,0,1
NGC1796,SBc,0,0,0,0,0,0,0,1,0,0,0
NGC1800,S0,0,0,0,0,1,0,0,0,0,0,0
NGC1808,Sb,0,0,0,0,0,0,0,0,0,1,0
NGC1832,SBb,0,0,0,0,0,0,1,0,0,0,0
NGC1902,SBb,0,0,0,0,0,0,1,0,0,0,0
NGC1947,S0,0,0,0,0,1,0,0,0,0,0,0
NGC1961,Sb,0,0,0,0,0,0,0,0,0,1,0
NGC1964,Sb,0,0,0,0,0,0,0,0,0,1,0
NGC2082,Sc,0,0,0,0,0,0,0,0,0,0,1
NGC2090,Sc,0,0,0,0,0,0,0,0,0,0,1
NGC2139,SBc,0,0,0,0,0,0,0,1,0,0,0
NGC2146,Sb,0,0,0,0,0,0,0,0,0,1,0
NGC2179,Sa,0,0,0,0,0,0,0,0,1,0,0
NGC2188,Sc,0,0,0,0,0,0,0,0,0,0,1
NGC2196,Sa,0,0,0,0,0,0,0,0,1,0,0
NGC2207,Sc,0,0,0,0,0,0,0,0,0,0,1
NGC2217,SBa,0,0,0,0,0,1,0,0,0,0,0
NGC2223,SBb,0,0,0,0,0,0,1,0,0,0,0
NGC2268,Sb,0,0,0,0,0,0,0,0,0,1,0
NGC2276,Sc,0,0,0,0,0,0,0,0,0,0,1
NGC2280,Sc,0,0,0,0,0,0,0,0,0,0,1
NGC2300,E3-5,0,1,0,0,0,0,0,0,0,0,0
NGC2310,S0,0,0,0,0,1,0,0,0,0,0,0
NGC2314,E3-5,0,1,0,0,0,0,0,0,0,0,0
NGC2325,E0,1,0,0,0,0,0,0,0,0,0,0
NGC2336,SBb,0,0,0,0,0,0,1,0,0,0,0
NGC2339,SBc,0,0,0,0,0,0,0,1,0,0,0
NGC2347,Sb,0,0,0,0,0,0,0,0,0,1,0
NGC2366,Irr,0,0,0,1,0,0,0,0,0,0,0
NGC2369,Sb,0,0,0,0,0,0,0,0,0,1,0
NGC2397,Sc,0,0,0,0,0,0,0,0,0,0,1
NGC2403,Sc,0,0,0,0,0,0,0,0,0,0,1
NGC2427,Sc,0,0,0,0,0,0,0,0,0,0,1
NGC2434,E0,1,0,0,0,0,0,0,0,0,0,0
NGC2441,Sc,0,0,0,0,0,0,0,0,0,0,1
NGC2442,SBc,0,0,0,0,0,0,0,1,0,0,0
NGC2460,Sa,0,0,0,0,0,0,0,0,1,0,0
NGC2500,Sc,0,0,0,0,0,0,0,0,0,0,1
NGC2522,SBc,0,0,0,0,0,0,0,1,0,0,0
NGC2523,SBb,0,0,0,0,0,0,1,0,0,0,0
NGC2525,SBc,0,0,0,0,0,0,0,1,0,0,0
NGC2537,Sc,0,0,0,0,0,0,0,0,0,0,1
NGC2541,Sc,0,0,0,0,0,0,0,0,0,0,1
NGC2545,SBc,0,0,0,0,0,0,0,1,0,0,0
NGC2549,S0,0,0,0,0,1,0,0,0,0,0,0
NGC2551,Sa,0,0,0,0,0,0,0,0,1,0,0
NGC2552,Sc,0,0,0,0,0,0,0,0,0,0,1
NGC2608,Sc,0,0,0,0,0,0,0,0,0,0,1
NGC2613,Sb,0,0,0,0,0,0,0,0,0,1,0
NGC2633,SBb,0,0,0,0,0,0,1,0,0,0,0
NGC2639,Sa,0,0,0,0,0,0,0,0,1,0,0
NGC2642,SBb,0,0,0,0,0,0,1,0,0,0,0
NGC2646,S0,0,0,0,0,1,0,0,0,0,0,0
NGC2654,Sa,0,0,0,0,0,0,0,0,1,0,0
NGC2655,Sa,0,0,0,0,0,0,0,0,1,0,0
NGC2672,E0,1,0,0,0,0,0,0,0,0,0,0
NGC2681,Sa,0,0,0,0,0,0,0,0,1,0,0
NGC2683,Sb,0,0,0,0,0,0,0,0,0,1,0
NGC2685,S0,0,0,0,0,1,0,0,0,0,0,0
NGC2693,E0,1,0,0,0,0,0,0,0,0,0,0
NGC2701,Sc,0,0,0,0,0,0,0,0,0,0,1
NGC2712,SBb,0,0,0,0,0,0,1,0,0,0,0
NGC2713,Sb,0,0,0,0,0,0,0,0,0,1,0
NGC2715,Sc,0,0,0,0,0,0,0,0,0,0,1
NGC2732,S0,0,0,0,0,1,0,0,0,0,0,0
NGC2742,Sc,0,0,0,0,0,0,0,0,0,0,1
NGC2748,Sc,0,0,0,0,0,0,0,0,0,0,1
NGC2749,E3-5,0,1,0,0,0,0,0,0,0,0,0
NGC2763,Sc,0,0,0,0,0,0,0,0,0,0,1
NGC2764,S0,0,0,0,0,1,0,0,0,0,0,0
NGC2768,S0,0,0,0,0,1,0,0,0,0,0,0
NGC2775,Sa,0,0,0,0,0,0,0,0,1,0,0
NGC2776,Sc,0,0,0,0,0,0,0,0,0,0,1
NGC2781,Sa,0,0,0,0,0,0,0,0,1,0,0
NGC2782,Sa,0,0,0,0,0,0,0,0,1,0,0
NGC2784,S0,0,0,0,0,1,0,0,0,0,0,0
NGC2787,Sb,0,0,0,0,0,0,0,0,0,1,0
NGC2793,Sc,0,0,0,0,0,0,0,0,0,0,1
NGC2798,SBa,0,0,0,0,0,1,0,0,0,0,0
NGC2805,E0,1,0,0,0,0,0,0,0,0,0,0
NGC2811,Sa,0,0,0,0,0,0,0,0,1,0,0
NGC2815,Sb,0,0,0,0,0,0,0,0,0,1,0
NGC2832,E3-5,0,1,0,0,0,0,0,0,0,0,0
NGC2835,SBc,0,0,0,0,0,0,0,1,0,0,0
NGC2841,Sb,0,0,0,0,0,0,0,0,0,1,0
NGC2844,Sa,0,0,0,0,0,0,0,0,1,0,0
NGC2848,Sc,0,0,0,0,0,0,0,0,0,0,1
NGC2855,Sa,0,0,0,0,0,0,0,0,1,0,0
NGC2859,Sa,0,0,0,0,0,0,0,0,1,0,0
NGC2865,E7,0,0,1,0,0,0,0,0,0,0,0
NGC2880,E7,0,0,1,0,0,0,0,0,0,0,0
NGC2888,E0,1,0,0,0,0,0,0,0,0,0,0
NGC2889,Sb,0,0,0,0,0,0,0,0,0,1,0
NGC2902,S0,0,0,0,0,1,0,0,0,0,0,0
NGC2903,Sc,0,0,0,0,0,0,0,0,0,0,1
NGC2907,S0,0,0,0,0,1,0,0,0,0,0,0
NGC2911,S0,0,0,0,0,1,0,0,0,0,0,0
NGC2924,E0,1,0,0,0,0,0,0,0,0,0,0
NGC2935,SBb,0,0,0,0,0,0,1,0,0,0,0
NGC2942,Sc,0,0,0,0,0,0,0,0,0,0,1
NGC2950,S0,0,0,0,0,1,0,0,0,0,0,0
NGC2955,Sc,0,0,0,0,0,0,0,0,0,0,1
NGC2962,Sa,0,0,0,0,0,0,0,0,1,0,0
NGC2964,Sc,0,0,0,0,0,0,0,0,0,0,1
NGC2967,Sc,0,0,0,0,0,0,0,0,0,0,1
NGC2968,Sa,0,0,0,0,0,0,0,0,1,0,0
NGC2974,E3-5,0,1,0,0,0,0,0,0,0,0,0
NGC2976,Sc,0,0,0,0,0,0,0,0,0,0,1
NGC2983,SBa,0,0,0,0,0,1,0,0,0,0,0
NGC2985,Sa,0,0,0,0,0,0,0,0,1,0,0
NGC2986,E0,1,0,0,0,0,0,0,0,0,0,0
NGC2989,Sc,0,0,0,0,0,0,0,0,0,0,1
NGC2990,Sc,0,0,0,0,0,0,0,0,0,0,1
NGC2992,Sa,0,0,0,0,0,0,0,0,1,0,0
NGC2993,Sa,0,0,0,0,0,0,0,0,1,0,0
NGC2997,Sc,0,0,0,0,0,0,0,0,0,0,1
NGC2998,Sc,0,0,0,0,0,0,0,0,0,0,1
NGC3001,SBb,0,0,0,0,0,0,1,0,0,0,0
NGC3003,Sc,0,0,0,0,0,0,0,0,0,0,1
NGC3021,Sb,0,0,0,0,0,0,0,0,0,1,0
NGC3031,Sb,0,0,0,0,0,0,0,0,0,1,0
NGC3032,Sa,0,0,0,0,0,0,0,0,1,0,0
NGC3034,SBc,0,0,0,0,0,0,0,1,0,0,0
NGC3038,Sb,0,0,0,0,0,0,0,0,0,1,0
NGC3041,Sc,0,0,0,0,0,0,0,0,0,0,1
NGC3043,SBb,0,0,0,0,0,0,1,0,0,0,0
NGC3044,Sc,0,0,0,0,0,0,0,0,0,0,1
NGC3052,Sc,0,0,0,0,0,0,0,0,0,0,1
NGC3054,SBb,0,0,0,0,0,0,1,0,0,0,0
NGC3055,Sc,0,0,0,0,0,0,0,0,0,0,1
NGC3056,S0,0,0,0,0,1,0,0,0,0,0,0
NGC3059,SBc,0,0,0,0,0,0,0,1,0,0,0
NGC3065,S0,0,0,0,0,1,0,0,0,0,0,0
NGC3067,Sb,0,0,0,0,0,0,0,0,0,1,0
NGC3077,S0,0,0,0,0,1,0,0,0,0,0,0
NGC3078,E3-5,0,1,0,0,0,0,0,0,0,0,0
NGC3079,Sc,0,0,0,0,0,0,0,0,0,0,1
NGC3081,SBa,0,0,0,0,0,1,0,0,0,0,0
NGC3087,E0,1,0,0,0,0,0,0,0,0,0,0
NGC3089,Sc,0,0,0,0,0,0,0,0,0,0,1
NGC3091,E3-5,0,1,0,0,0,0,0,0,0,0,0
NGC3095,Sc,0,0,0,0,0,0,0,0,0,0,1
NGC3098,S0,0,0,0,0,1,0,0,0,0,0,0
NGC3109,Irr,0,0,0,1,0,0,0,0,0,0,0
NGC3115,S0,0,0,0,0,1,0,0,0,0,0,0
NGC3124,SBc,0,0,0,0,0,0,0,1,0,0,0
NGC3125,E7,0,0,1,0,0,0,0,0,0,0,0
NGC3136,E0,1,0,0,0,0,0,0,0,0,0,0
NGC3143,SBb,0,0,0,0,0,0,1,0,0,0,0
NGC3145,SBb,0,0,0,0,0,0,1,0,0,0,0
NGC3147,Sb,0,0,0,0,0,0,0,0,0,1,0
NGC3156,E3-5,0,1,0,0,0,0,0,0,0,0,0
NGC3158,E3-5,0,1,0,0,0,0,0,0,0,0,0
NGC3162,Sb,0,0,0,0,0,0,0,0,0,1,0
NGC3166,Sa,0,0,0,0,0,0,0,0,1,0,0
NGC3169,Sb,0,0,0,0,0,0,0,0,0,1,0
NGC3175,Sc,0,0,0,0,0,0,0,0,0,0,1
NGC3177,Sb,0,0,0,0,0,0,0,0,0,1,0
NGC3184,Sc,0,0,0,0,0,0,0,0,0,0,1
NGC3185,SBa,0,0,0,0,0,1,0,0,0,0,0
NGC3190,Sa,0,0,0,0,0,0,0,0,1,0,0
NGC3193,E0,1,0,0,0,0,0,0,0,0,0,0
NGC3198,Sc,0,0,0,0,0,0,0,0,0,0,1
NGC3200,Sb,0,0,0,0,0,0,0,0,0,1,0
NGC3203,S0,0,0,0,0,1,0,0,0,0,0,0
NGC3223,Sb,0,0,0,0,0,0,0,0,0,1,0
NGC3226,S0,0,0,0,0,1,0,0,0,0,0,0
NGC3227,Sb,0,0,0,0,0,0,0,0,0,1,0
NGC3241,Sb,0,0,0,0,0,0,0,0,0,1,0
NGC3245,S0,0,0,0,0,1,0,0,0,0,0,0
NGC3250,E3-5,0,1,0,0,0,0,0,0,0,0,0
NGC3254,Sb,0,0,0,0,0,0,0,0,0,1,0
NGC3256,Sb,0,0,0,0,0,0,0,0,0,1,0
NGC3258,E0,1,0,0,0,0,0,0,0,0,0,0
NGC3259,Sb,0,0,0,0,0,0,0,0,0,1,0
NGC3261,SBc,0,0,0,0,0,0,0,1,0,0,0
NGC3268,E0,1,0,0,0,0,0,0,0,0,0,0
NGC3271,Sa,0,0,0,0,0,0,0,0,1,0,0
NGC3274,Irr,0,0,0,1,0,0,0,0,0,0,0
NGC3275,SBa,0,0,0,0,0,1,0,0,0,0,0
NGC3277,Sa,0,0,0,0,0,0,0,0,1,0,0
NGC3281,Sa,0,0,0,0,0,0,0,0,1,0,0
NGC3285,Sa,0,0,0,0,0,0,0,0,1,0,0
NGC3287,SBc,0,0,0,0,0,0,0,1,0,0,0
NGC3294,Sc,0,0,0,0,0,0,0,0,0,0,1
NGC3300,S0,0,0,0,0,1,0,0,0,0,0,0
NGC3301,Sa,0,0,0,0,0,0,0,0,1,0,0
NGC3309,E0,1,0,0,0,0,0,0,0,0,0,0
NGC3310,Sc,0,0,0,0,0,0,0,0,0,0,1
NGC3312,Sa,0,0,0,0,0,0,0,0,1,0,0
NGC3318,SBc,0,0,0,0,0,0,0,1,0,0,0
NGC3319,SBc,0,0,0,0,0,0,0,1,0,0,0
NGC3320,Sc,0,0,0,0,0,0,0,0,0,0,1
NGC3329,Sa,0,0,0,0,0,0,0,0,1,0,0
NGC3338,Sc,0,0,0,0,0,0,0,0,0,0,1
NGC3344,SBc,0,0,0,0,0,0,0,1,0,0,0
NGC3346,SBc,0,0,0,0,0,0,0,1,0,0,0
NGC3347,SBb,0,0,0,0,0,0,1,0,0,0,0
NGC3348,E0,1,0,0,0,0,0,0,0,0,0,0
NGC3351,SBb,0,0,0,0,0,0,1,0,0,0,0
NGC3353,SBa,0,0,0,0,0,1,0,0,0,0,0
NGC3358,Sa,0,0,0,0,0,0,0,0,1,0,0
NGC3359,SBc,0,0,0,0,0,0,0,1,0,0,0
NGC3367,SBc,0,0,0,0,0,0,0,1,0,0,0
NGC3368,Sa,0,0,0,0,0,0,0,0,1,0,0
NGC3370,Sc,0,0,0,0,0,0,0,0,0,0,1
NGC3377,E7,0,0,1,0,0,0,0,0,0,0,0
NGC3379,E0,1,0,0,0,0,0,0,0,0,0,0
NGC3384,S0,0,0,0,0,1,0,0,0,0,0,0
NGC3389,Sc,0,0,0,0,0,0,0,0,0,0,1
NGC3390,Sb,0,0,0,0,0,0,0,0,0,1,0
NGC3395,Sc,0,0,0,0,0,0,0,0,0,0,1
NGC3396,Sc,0,0,0,0,0,0,0,0,0,0,1
NGC3403,Sb,0,0,0,0,0,0,0,0,0,1,0
NGC3412,S0,0,0,0,0,1,0,0,0,0,0,0
NGC3414,S0,0,0,0,0,1,0,0,0,0,0,0
NGC3415,E3-5,0,1,0,0,0,0,0,0,0,0,0
NGC3423,Sc,0,0,0,0,0,0,0,0,0,0,1
NGC3430,Sc,0,0,0,0,0,0,0,0,0,0,1
NGC3432,Sc,0,0,0,0,0,0,0,0,0,0,1
NGC3433,Sc,0,0,0,0,0,0,0,0,0,0,1
NGC3437,Sc,0,0,0,0,0,0,0,0,0,0,1
NGC3445,Sc,0,0,0,0,0,0,0,0,0,0,1
NGC3448,Sa,0,0,0,0,0,0,0,0,1,0,0
NGC3449,Sa,0,0,0,0,0,0,0,0,1,0,0
NGC3455,Sc,0,0,0,0,0,0,0,0,0,0,1
NGC3458,S0,0,0,0,0,1,0,0,0,0,0,0
NGC3464,Sc,0,0,0,0,0,0,0,0,0,0,1
NGC3478,Sc,0,0,0,0,0,0,0,0,0,0,1
NGC3485,SBc,0,0,0,0,0,0,0,1,0,0,0
NGC3486,Sc,0,0,0,0,0,0,0,0,0,0,1
NGC3489,Sa,0,0,0,0,0,0,0,0,1,0,0
NGC3495,Sc,0,0,0,0,0,0,0,0,0,0,1
NGC3504,Sb,0,0,0,0,0,0,0,0,0,1,0
NGC3506,Sb,0,0,0,0,0,0,0,0,0,1,0
NGC3510,SBc,0,0,0,0,0,0,0,1,0,0,0
NGC3511,Sc,0,0,0,0,0,0,0,0,0,0,1
NGC3512,Sc,0,0,0,0,0,0,0,0,0,0,1
NGC3513,SBc,0,0,0,0,0,0,0,1,0,0,0
NGC3516,S0,0,0,0,0,1,0,0,0,0,0,0
NGC3521,Sb,0,0,0,0,0,0,0,0,0,1,0
NGC3547,Sc,0,0,0,0,0,0,0,0,0,0,1
NGC3549,Sc,0,0,0,0,0,0,0,0,0,0,1
NGC3556,Sc,0,0,0,0,0,0,0,0,0,0,1
NGC3557,E3-5,0,1,0,0,0,0,0,0,0,0,0
NGC3571,Sa,0,0,0,0,0,0,0,0,1,0,0
NGC3583,Sb,0,0,0,0,0,0,0,0,0,1,0
NGC3585,E7,0,0,1,0,0,0,0,0,0,0,0
NGC3593,Sa,0,0,0,0,0,0,0,0,1,0,0
NGC3596,Sc,0,0,0,0,0,0,0,0,0,0,1
NGC3605,E3-5,0,1,0,0,0,0,0,0,0,0,0
NGC3607,S0,0,0,0,0,1,0,0,0,0,0,0
NGC3608,E0,1,0,0,0,0,0,0,0,0,0,0
NGC3610,E3-5,0,1,0,0,0,0,0,0,0,0,0
NGC3611,Sa,0,0,0,0,0,0,0,0,1,0,0
NGC3613,E7,0,0,1,0,0,0,0,0,0,0,0
NGC3614,Sc,0,0,0,0,0,0,0,0,0,0,1
NGC3619,Sa,0,0,0,0,0,0,0,0,1,0,0
NGC3621,Sc,0,0,0,0,0,0,0,0,0,0,1
NGC3623,Sa,0,0,0,0,0,0,0,0,1,0,0
NGC3626,Sa,0,0,0,0,0,0,0,0,1,0,0
NGC3627,Sb,0,0,0,0,0,0,0,0,0,1,0
NGC3628,Sb,0,0,0,0,0,0,0,0,0,1,0
NGC3629,Sc,0,0,0,0,0,0,0,0,0,0,1
NGC3630,S0,0,0,0,0,1,0,0,0,0,0,0
NGC3631,Sc,0,0,0,0,0,0,0,0,0,0,1
NGC3637,SBa,0,0,0,0,0,1,0,0,0,0,0
NGC3640,E0,1,0,0,0,0,0,0,0,0,0,0
NGC3642,Sb,0,0,0,0,0,0,0,0,0,1,0
NGC3646,Sb,0,0,0,0,0,0,0,0,0,1,0
NGC3655,Sc,0,0,0,0,0,0,0,0,0,0,1
NGC3659,Sc,0,0,0,0,0,0,0,0,0,0,1
NGC3664,Irr,0,0,0,1,0,0,0,0,0,0,0
NGC3665,S0,0,0,0,0,1,0,0,0,0,0,0
NGC3666,Sc,0,0,0,0,0,0,0,0,0,0,1
NGC3672,Sc,0,0,0,0,0,0,0,0,0,0,1
NGC3675,Sb,0,0,0,0,0,0,0,0,0,1,0
NGC3681,SBb,0,0,0,0,0,0,1,0,0,0,0
NGC3683,Sc,0,0,0,0,0,0,0,0,0,0,1
NGC3684,Sc,0,0,0,0,0,0,0,0,0,0,1
NGC3686,SBc,0,0,0,0,0,0,0,1,0,0,0
NGC3687,SBb,0,0,0,0,0,0,1,0,0,0,0
NGC3689,Sc,0,0,0,0,0,0,0,0,0,0,1
NGC3690,Irr,0,0,0,1,0,0,0,0,0,0,0
NGC3691,Sb,0,0,0,0,0,0,0,0,0,1,0
NGC3705,Sa,0,0,0,0,0,0,0,0,1,0,0
NGC3706,E0,1,0,0,0,0,0,0,0,0,0,0
NGC3717,Sb,0,0,0,0,0,0,0,0,0,1,0
NGC3718,Sa,0,0,0,0,0,0,0,0,1,0,0
NGC3720,Sb,0,0,0,0,0,0,0,0,0,1,0
NGC3726,Sc,0,0,0,0,0,0,0,0,0,0,1
NGC3729,Sa,0,0,0,0,0,0,0,0,1,0,0
NGC3732,Sc,0,0,0,0,0,0,0,0,0,0,1
NGC3735,Sc,0,0,0,0,0,0,0,0,0,0,1
NGC3738,SBa,0,0,0,0,0,1,0,0,0,0,0
NGC3756,Sc,0,0,0,0,0,0,0,0,0,0,1
NGC3769,SBc,0,0,0,0,0,0,0,1,0,0,0
NGC3773,S0,0,0,0,0,1,0,0,0,0,0,0
NGC3780,Sc,0,0,0,0,0,0,0,0,0,0,1
NGC3782,SBa,0,0,0,0,0,1,0,0,0,0,0
NGC3783,SBa,0,0,0,0,0,1,0,0,0,0,0
NGC3810,Sc,0,0,0,0,0,0,0,0,0,0,1
NGC3813,Sc,0,0,0,0,0,0,0,0,0,0,1
NGC3818,E3-5,0,1,0,0,0,0,0,0,0,0,0
NGC3865,Sa,0,0,0,0,0,0,0,0,1,0,0
NGC3872,E0,1,0,0,0,0,0,0,0,0,0,0
NGC3877,Sc,0,0,0,0,0,0,0,0,0,0,1
NGC3885,Sa,0,0,0,0,0,0,0,0,1,0,0
NGC3887,Sb,0,0,0,0,0,0,0,0,0,1,0
NGC3888,Sc,0,0,0,0,0,0,0,0,0,0,1
NGC3892,Sa,0,0,0,0,0,0,0,0,1,0,0
NGC3893,Sc,0,0,0,0,0,0,0,0,0,0,1
NGC3898,Sa,0,0,0,0,0,0,0,0,1,0,0
NGC3900,Sa,0,0,0,0,0,0,0,0,1,0,0
NGC3904,E0,1,0,0,0,0,0,0,0,0,0,0
NGC3911,Sa,0,0,0,0,0,0,0,0,1,0,0
NGC3912,SBa,0,0,0,0,0,1,0,0,0,0,0
NGC3917,Sc,0,0,0,0,0,0,0,0,0,0,1
NGC3923,E3-5,0,1,0,0,0,0,0,0,0,0,0
NGC3936,Sc,0,0,0,0,0,0,0,0,0,0,1
NGC3938,Sc,0,0,0,0,0,0,0,0,0,0,1
NGC3941,S0,0,0,0,0,1,0,0,0,0,0,0
NGC3945,Sa,0,0,0,0,0,0,0,0,1,0,0
NGC3949,Sc,0,0,0,0,0,0,0,0,0,0,1
NGC3952,Irr,0,0,0,1,0,0,0,0,0,0,0
NGC3953,SBb,0,0,0,0,0,0,1,0,0,0,0
NGC3955,Sb,0,0,0,0,0,0,0,0,0,1,0
NGC3956,Sc,0,0,0,0,0,0,0,0,0,0,1
NGC3957,S0,0,0,0,0,1,0,0,0,0,0,0
NGC3962,E0,1,0,0,0,0,0,0,0,0,0,0
NGC3963,SBc,0,0,0,0,0,0,0,1,0,0,0
NGC3976,Sc,0,0,0,0,0,0,0,0,0,0,1
NGC3981,Sb,0,0,0,0,0,0,0,0,0,1,0
NGC3982,Sc,0,0,0,0,0,0,0,0,0,0,1
NGC3985,SBa,0,0,0,0,0,1,0,0,0,0,0
NGC3992,SBb,0,0,0,0,0,0,1,0,0,0,0
NGC3995,Sc,0,0,0,0,0,0,0,0,0,0,1
NGC3998,S0,0,0,0,0,1,0,0,0,0,0,0
NGC4008,S0,0,0,0,0,1,0,0,0,0,0,0
NGC4013,Sb,0,0,0,0,0,0,0,0,0,1,0
NGC4024,E0,1,0,0,0,0,0,0,0,0,0,0
NGC4026,S0,0,0,0,0,1,0,0,0,0,0,0
NGC4027,Sc,0,0,0,0,0,0,0,0,0,0,1
NGC4030,Sb,0,0,0,0,0,0,0,0,0,1,0
NGC4032,Sb,0,0,0,0,0,0,0,0,0,1,0
NGC4033,E7,0,0,1,0,0,0,0,0,0,0,0
NGC4036,Sa,0,0,0,0,0,0,0,0,1,0,0
NGC4037,SBc,0,0,0,0,0,0,0,1,0,0,0
NGC4038,Sc,0,0,0,0,0,0,0,0,0,0,1
NGC4041,Sc,0,0,0,0,0,0,0,0,0,0,1
NGC4045,Sb,0,0,0,0,0,0,0,0,0,1,0
NGC4047,Sc,0,0,0,0,0,0,0,0,0,0,1
NGC4050,SBb,0,0,0,0,0,0,1,0,0,0,0
NGC4051,Sc,0,0,0,0,0,0,0,0,0,0,1
NGC4062,Sc,0,0,0,0,0,0,0,0,0,0,1
NGC4064,SBc,0,0,0,0,0,0,0,1,0,0,0
NGC4073,E3-5,0,1,0,0,0,0,0,0,0,0,0
NGC4085,Sc,0,0,0,0,0,0,0,0,0,0,1
NGC4088,SBb,0,0,0,0,0,0,1,0,0,0,0
NGC4094,Sb,0,0,0,0,0,0,0,0,0,1,0
NGC4096,Sc,0,0,0,0,0,0,0,0,0,0,1
NGC4100,Sc,0,0,0,0,0,0,0,0,0,0,1
NGC4102,Sb,0,0,0,0,0,0,0,0,0,1,0
NGC4105,S0,0,0,0,0,1,0,0,0,0,0,0
NGC4106,Sb,0,0,0,0,0,0,0,0,0,1,0
NGC4111,S0,0,0,0,0,1,0,0,0,0,0,0
NGC4116,SBc,0,0,0,0,0,0,0,1,0,0,0
NGC4123,SBb,0,0,0,0,0,0,1,0,0,0,0
NGC4124,S0,0,0,0,0,1,0,0,0,0,0,0
NGC4125,E7,0,0,1,0,0,0,0,0,0,0,0
NGC4128,S0,0,0,0,0,1,0,0,0,0,0,0
NGC4129,Sc,0,0,0,0,0,0,0,0,0,0,1
NGC4136,Sc,0,0,0,0,0,0,0,0,0,0,1
NGC4138,Sa,0,0,0,0,0,0,0,0,1,0,0
NGC4143,Sa,0,0,0,0,0,0,0,0,1,0,0
NGC4144,Sc,0,0,0,0,0,0,0,0,0,0,1
NGC4145,Sc,0,0,0,0,0,0,0,0,0,0,1
NGC4150,Sa,0,0,0,0,0,0,0,0,1,0,0
NGC4151,Sa,0,0,0,0,0,0,0,0,1,0,0
NGC4152,Sc,0,0,0,0,0,0,0,0,0,0,1
NGC4157,Sb,0,0,0,0,0,0,0,0,0,1,0
NGC4158,Sa,0,0,0,0,0,0,0,0,1,0,0
NGC4162,Sc,0,0,0,0,0,0,0,0,0,0,1
NGC4168,E0,1,0,0,0,0,0,0,0,0,0,0
NGC4178,SBc,0,0,0,0,0,0,0,1,0,0,0
NGC4179,S0,0,0,0,0,1,0,0,0,0,0,0
NGC4183,Sc,0,0,0,0,0,0,0,0,0,0,1
NGC4189,SBc,0,0,0,0,0,0,0,1,0,0,0
NGC4190,Irr,0,0,0,1,0,0,0,0,0,0,0
NGC4192,Sb,0,0,0,0,0,0,0,0,0,1,0
NGC4203,S0,0,0,0,0,1,0,0,0,0,0,0
NGC4212,Sc,0,0,0,0,0,0,0,0,0,0,1
NGC4214,Irr,0,0,0,1,0,0,0,0,0,0,0
NGC4215,S0,0,0,0,0,1,0,0,0,0,0,0
NGC4216,Sb,0,0,0,0,0,0,0,0,0,1,0
NGC4217,Sb,0,0,0,0,0,0,0,0,0,1,0
NGC4219,Sb,0,0,0,0,0,0,0,0,0,1,0
NGC4220,Sa,0,0,0,0,0,0,0,0,1,0,0
NGC4224,Sa,0,0,0,0,0,0,0,0,1,0,0
NGC4233,S0,0,0,0,0,1,0,0,0,0,0,0
NGC4234,SBc,0,0,0,0,0,0,0,1,0,0,0
NGC4235,Sa,0,0,0,0,0,0,0,0,1,0,0
NGC4236,SBa,0,0,0,0,0,1,0,0,0,0,0
NGC4237,Sc,0,0,0,0,0,0,0,0,0,0,1
NGC4242,SBc,0,0,0,0,0,0,0,1,0,0,0
NGC4244,Sc,0,0,0,0,0,0,0,0,0,0,1
NGC4245,SBa,0,0,0,0,0,1,0,0,0,0,0
NGC4251,S0,0,0,0,0,1,0,0,0,0,0,0
NGC4254,Sc,0,0,0,0,0,0,0,0,0,0,1
NGC4256,Sb,0,0,0,0,0,0,0,0,0,1,0
NGC4258,Sb,0,0,0,0,0,0,0,0,0,1,0
NGC4260,SBa,0,0,0,0,0,1,0,0,0,0,0
NGC4261,E3-5,0,1,0,0,0,0,0,0,0,0,0
NGC4262,S0,0,0,0,0,1,0,0,0,0,0,0
NGC4267,S0,0,0,0,0,1,0,0,0,0,0,0
NGC4270,S0,0,0,0,0,1,0,0,0,0,0,0
NGC4273,SBc,0,0,0,0,0,0,0,1,0,0,0
NGC4274,Sa,0,0,0,0,0,0,0,0,1,0,0
NGC4278,E0,1,0,0,0,0,0,0,0,0,0,0
NGC4281,S0,0,0,0,0,1,0,0,0,0,0,0
NGC4283,E0,1,0,0,0,0,0,0,0,0,0,0
NGC4290,SBb,0,0,0,0,0,0,1,0,0,0,0
NGC4291,E3-5,0,1,0,0,0,0,0,0,0,0,0
NGC4293,Sa,0,0,0,0,0,0,0,0,1,0,0
NGC4294,SBc,0,0,0,0,0,0,0,1,0,0,0
NGC4298,Sc,0,0,0,0,0,0,0,0,0,0,1
NGC4299,Irr,0,0,0,1,0,0,0,0,0,0,0
NGC4302,Sc,0,0,0,0,0,0,0,0,0,0,1
NGC4303,Sc,0,0,0,0,0,0,0,0,0,0,1
NGC4304,SBb,0,0,0,0,0,0,1,0,0,0,0
NGC4307,Sb,0,0,0,0,0,0,0,0,0,1,0
NGC4314,SBa,0,0,0,0,0,1,0,0,0,0,0
NGC4321,Sc,0,0,0,0,0,0,0,0,0,0,1
NGC4324,Sa,0,0,0,0,0,0,0,0,1,0,0
NGC4339,S0,0,0,0,0,1,0,0,0,0,0,0
NGC4340,Sa,0,0,0,0,0,0,0,0,1,0,0
NGC4342,E7,0,0,1,0,0,0,0,0,0,0,0
NGC4346,S0,0,0,0,0,1,0,0,0,0,0,0
NGC4348,S0,0,0,0,0,1,0,0,0,0,0,0
NGC4350,S0,0,0,0,0,1,0,0,0,0,0,0
NGC4365,E3-5,0,1,0,0,0,0,0,0,0,0,0
NGC4369,Sc,0,0,0,0,0,0,0,0,0,0,1
NGC4371,Sa,0,0,0,0,0,0,0,0,1,0,0
NGC4373,E7,0,0,1,0,0,0,0,0,0,0,0
NGC4374,E0,1,0,0,0,0,0,0,0,0,0,0
NGC4377,S0,0,0,0,0,1,0,0,0,0,0,0
NGC4378,Sa,0,0,0,0,0,0,0,0,1,0,0
NGC4379,S0,0,0,0,0,1,0,0,0,0,0,0
NGC4380,Sa,0,0,0,0,0,0,0,0,1,0,0
NGC4382,S0,0,0,0,0,1,0,0,0,0,0,0
NGC4383,S0,0,0,0,0,1,0,0,0,0,0,0
NGC4385,SBb,0,0,0,0,0,0,1,0,0,0,0
NGC4386,S0,0,0,0,0,1,0,0,0,0,0,0
NGC4388,Sa,0,0,0,0,0,0,0,0,1,0,0
NGC4389,SBb,0,0,0,0,0,0,1,0,0,0,0
NGC4394,SBb,0,0,0,0,0,0,1,0,0,0,0
NGC4395,Irr,0,0,0,1,0,0,0,0,0,0,0
NGC4406,E3-5,0,1,0,0,0,0,0,0,0,0,0
NGC4412,SBb,0,0,0,0,0,0,1,0,0,0,0
NGC4414,Sc,0,0,0,0,0,0,0,0,0,0,1
NGC4417,S0,0,0,0,0,1,0,0,0,0,0,0
NGC4419,SBa,0,0,0,0,0,1,0,0,0,0,0
NGC4420,Sc,0,0,0,0,0,0,0,0,0,0,1
NGC4424,Sa,0,0,0,0,0,0,0,0,1,0,0
NGC4425,Sa,0,0,0,0,0,0,0,0,1,0,0
NGC4428,Sc,0,0,0,0,0,0,0,0,0,0,1
NGC4429,Sa,0,0,0,0,0,0,0,0,1,0,0
NGC4433,Sb,0,0,0,0,0,0,0,0,0,1,0
NGC4435,S0,0,0,0,0,1,0,0,0,0,0,0
NGC4438,Sb,0,0,0,0,0,0,0,0,0,1,0
NGC4442,S0,0,0,0,0,1,0,0,0,0,0,0
NGC4448,Sb,0,0,0,0,0,0,0,0,0,1,0
NGC4449,Irr,0,0,0,1,0,0,0,0,0,0,0
NGC4450,Sa,0,0,0,0,0,0,0,0,1,0,0
NGC4452,S0,0,0,0,0,1,0,0,0,0,0,0
NGC4454,Sa,0,0,0,0,0,0,0,0,1,0,0
NGC4455,Sc,0,0,0,0,0,0,0,0,0,0,1
NGC4457,Sb,0,0,0,0,0,0,0,0,0,1,0
NGC4459,S0,0,0,0,0,1,0,0,0,0,0,0
NGC4460,Sb,0,0,0,0,0,0,0,0,0,1,0
NGC4461,Sa,0,0,0,0,0,0,0,0,1,0,0
NGC4462,SBb,0,0,0,0,0,0,1,0,0,0,0
NGC4469,Sa,0,0,0,0,0,0,0,0,1,0,0
NGC4470,E3-5,0,1,0,0,0,0,0,0,0,0,0
NGC4472,E0,1,0,0,0,0,0,0,0,0,0,0
NGC4473,E3-5,0,1,0,0,0,0,0,0,0,0,0
NGC4474,S0,0,0,0,0,1,0,0,0,0,0,0
NGC4476,S0,0,0,0,0,1,0,0,0,0,0,0
NGC4477,Sb,0,0,0,0,0,0,0,0,0,1,0
NGC4478,E0,1,0,0,0,0,0,0,0,0,0,0
NGC4483,S0,0,0,0,0,1,0,0,0,0,0,0
NGC4485,Sa,0,0,0,0,0,0,0,0,1,0,0
NGC4486,E0,1,0,0,0,0,0,0,0,0,0,0
NGC4487,SBc,0,0,0,0,0,0,0,1,0,0,0
NGC4490,Sc,0,0,0,0,0,0,0,0,0,0,1
NGC4494,E0,1,0,0,0,0,0,0,0,0,0,0
NGC4496,SBc,0,0,0,0,0,0,0,1,0,0,0
NGC4501,Sb,0,0,0,0,0,0,0,0,0,1,0
NGC4503,Sa,0,0,0,0,0,0,0,0,1,0,0
NGC4504,Sc,0,0,0,0,0,0,0,0,0,0,1
NGC4517,Sc,0,0,0,0,0,0,0,0,0,0,1
NGC4519,SBc,0,0,0,0,0,0,0,1,0,0,0
NGC4522,Sb,0,0,0,0,0,0,0,0,0,1,0
NGC4526,S0,0,0,0,0,1,0,0,0,0,0,0
NGC4527,Sb,0,0,0,0,0,0,0,0,0,1,0
NGC4532,Irr,0,0,0,1,0,0,0,0,0,0,0
NGC4535,SBc,0,0,0,0,0,0,0,1,0,0,0
NGC4536,Sc,0,0,0,0,0,0,0,0,0,0,1
NGC4540,Sc,0,0,0,0,0,0,0,0,0,0,1
NGC4546,Sa,0,0,0,0,0,0,0,0,1,0,0
NGC4548,SBb,0,0,0,0,0,0,1,0,0,0,0
NGC4550,S0,0,0,0,0,1,0,0,0,0,0,0
NGC4552,S0,0,0,0,0,1,0,0,0,0,0,0
NGC4559,Sc,0,0,0,0,0,0,0,0,0,0,1
NGC4561,SBc,0,0,0,0,0,0,0,1,0,0,0
NGC4564,E7,0,0,1,0,0,0,0,0,0,0,0
NGC4565,Sb,0,0,0,0,0,0,0,0,0,1,0
NGC4567,Sc,0,0,0,0,0,0,0,0,0,0,1
NGC4568,Sc,0,0,0,0,0,0,0,0,0,0,1
NGC4569,Sa,0,0,0,0,0,0,0,0,1,0,0
NGC4570,S0,0,0,0,0,1,0,0,0,0,0,0
NGC4571,Sc,0,0,0,0,0,0,0,0,0,0,1
NGC4578,S0,0,0,0,0,1,0,0,0,0,0,0
NGC4579,Sa,0,0,0,0,0,0,0,0,1,0,0
NGC4580,Sb,0,0,0,0,0,0,0,0,0,1,0
NGC4586,Sa,0,0,0,0,0,0,0,0,1,0,0
NGC4589,E0,1,0,0,0,0,0,0,0,0,0,0
NGC4592,Sc,0,0,0,0,0,0,0,0,0,0,1
NGC4593,SBb,0,0,0,0,0,0,1,0,0,0,0
NGC4594,Sa,0,0,0,0,0,0,0,0,1,0,0
NGC4595,Sc,0,0,0,0,0,0,0,0,0,0,1
NGC4596,SBa,0,0,0,0,0,1,0,0,0,0,0
NGC4597,SBc,0,0,0,0,0,0,0,1,0,0,0
NGC4602,Sc,0,0,0,0,0,0,0,0,0,0,1
NGC4603,Sc,0,0,0,0,0,0,0,0,0,0,1
NGC4605,Sc,0,0,0,0,0,0,0,0,0,0,1
NGC4608,SBa,0,0,0,0,0,1,0,0,0,0,0
NGC4612,S0,0,0,0,0,1,0,0,0,0,0,0
NGC4618,SBc,0,0,0,0,0,0,0,1,0,0,0
NGC4621,E3-5,0,1,0,0,0,0,0,0,0,0,0
NGC4623,E7,0,0,1,0,0,0,0,0,0,0,0
NGC4630,Irr,0,0,0,1,0,0,0,0,0,0,0
NGC4631,Sc,0,0,0,0,0,0,0,0,0,0,1
NGC4632,Sc,0,0,0,0,0,0,0,0,0,0,1
NGC4635,Sc,0,0,0,0,0,0,0,0,0,0,1
NGC4636,E0,1,0,0,0,0,0,0,0,0,0,0
NGC4638,S0,0,0,0,0,1,0,0,0,0,0,0
NGC4639,SBb,0,0,0,0,0,0,1,0,0,0,0
NGC4643,Sb,0,0,0,0,0,0,0,0,0,1,0
NGC4645,E3-5,0,1,0,0,0,0,0,0,0,0,0
NGC4647,Sc,0,0,0,0,0,0,0,0,0,0,1
NGC4649,S0,0,0,0,0,1,0,0,0,0,0,0
NGC4651,Sc,0,0,0,0,0,0,0,0,0,0,1
NGC4653,Sc,0,0,0,0,0,0,0,0,0,0,1
NGC4654,SBc,0,0,0,0,0,0,0,1,0,0,0
NGC4656,Irr,0,0,0,1,0,0,0,0,0,0,0
NGC4658,SBc,0,0,0,0,0,0,0,1,0,0,0
NGC4660,E3-5,0,1,0,0,0,0,0,0,0,0,0
NGC4665,SBa,0,0,0,0,0,1,0,0,0,0,0
NGC4666,Sb,0,0,0,0,0,0,0,0,0,1,0
NGC4668,SBc,0,0,0,0,0,0,0,1,0,0,0
NGC4670,Sa,0,0,0,0,0,0,0,0,1,0,0
NGC4679,Sb,0,0,0,0,0,0,0,0,0,1,0
NGC4682,Sc,0,0,0,0,0,0,0,0,0,0,1
NGC4684,S0,0,0,0,0,1,0,0,0,0,0,0
NGC4688,SBc,0,0,0,0,0,0,0,1,0,0,0
NGC4689,Sc,0,0,0,0,0,0,0,0,0,0,1
NGC4691,SBb,0,0,0,0,0,0,1,0,0,0,0
NGC4694,S0,0,0,0,0,1,0,0,0,0,0,0
NGC4696,E3-5,0,1,0,0,0,0,0,0,0,0,0
NGC4697,E7,0,0,1,0,0,0,0,0,0,0,0
NGC4698,Sa,0,0,0,0,0,0,0,0,1,0,0
NGC4699,Sa,0,0,0,0,0,0,0,0,1,0,0
NGC4700,SBc,0,0,0,0,0,0,0,1,0,0,0
NGC4701,Sc,0,0,0,0,0,0,0,0,0,0,1
NGC4710,S0,0,0,0,0,1,0,0,0,0,0,0
NGC4712,Sc,0,0,0,0,0,0,0,0,0,0,1
NGC4713,SBc,0,0,0,0,0,0,0,1,0,0,0
NGC4725,SBa,0,0,0,0,0,1,0,0,0,0,0
NGC4731,SBc,0,0,0,0,0,0,0,1,0,0,0
NGC4736,Sa,0,0,0,0,0,0,0,0,1,0,0
NGC4742,E3-5,0,1,0,0,0,0,0,0,0,0,0
NGC4747,SBc,0,0,0,0,0,0,0,1,0,0,0
NGC4750,Sb,0,0,0,0,0,0,0,0,0,1,0
NGC4753,S0,0,0,0,0,1,0,0,0,0,0,0
NGC4754,S0,0,0,0,0,1,0,0,0,0,0,0
NGC4756,E3-5,0,1,0,0,0,0,0,0,0,0,0
NGC4760,E0,1,0,0,0,0,0,0,0,0,0,0
NGC4762,S0,0,0,0,0,1,0,0,0,0,0,0
NGC4763,SBb,0,0,0,0,0,0,1,0,0,0,0
NGC4765,Irr,0,0,0,1,0,0,0,0,0,0,0
NGC4767,Sa,0,0,0,0,0,0,0,0,1,0,0
NGC4771,Sc,0,0,0,0,0,0,0,0,0,0,1
NGC4772,Sa,0,0,0,0,0,0,0,0,1,0,0
NGC4775,Sc,0,0,0,0,0,0,0,0,0,0,1
NGC4781,Sc,0,0,0,0,0,0,0,0,0,0,1
NGC4782,E0,1,0,0,0,0,0,0,0,0,0,0
NGC4783,E0,1,0,0,0,0,0,0,0,0,0,0
NGC4786,E3-5,0,1,0,0,0,0,0,0,0,0,0
NGC4790,SBa,0,0,0,0,0,1,0,0,0,0,0
NGC4793,Sc,0,0,0,0,0,0,0,0,0,0,1
NGC4795,SBa,0,0,0,0,0,1,0,0,0,0,0
NGC4800,Sb,0,0,0,0,0,0,0,0,0,1,0
NGC4808,Sc,0,0,0,0,0,0,0,0,0,0,1
NGC4814,Sb,0,0,0,0,0,0,0,0,0,1,0
NGC4818,Sa,0,0,0,0,0,0,0,0,1,0,0
NGC4825,S0,0,0,0,0,1,0,0,0,0,0,0
NGC4826,Sa,0,0,0,0,0,0,0,0,1,0,0
NGC4835,Sc,0,0,0,0,0,0,0,0,0,0,1
NGC4845,Sa,0,0,0,0,0,0,0,0,1,0,0
NGC4856,S0,0,0,0,0,1,0,0,0,0,0,0
NGC4861,Irr,0,0,0,1,0,0,0,0,0,0,0
NGC4866,Sa,0,0,0,0,0,0,0,0,1,0,0
NGC4868,Sb,0,0,0,0,0,0,0,0,0,1,0
NGC4880,E3-5,0,1,0,0,0,0,0,0,0,0,0
NGC4889,E3-5,0,1,0,0,0,0,0,0,0,0,0
NGC4891,SBb,0,0,0,0,0,0,1,0,0,0,0
NGC4899,Sc,0,0,0,0,0,0,0,0,0,0,1
NGC4900,Sc,0,0,0,0,0,0,0,0,0,0,1
NGC4901,SBb,0,0,0,0,0,0,1,0,0,0,0
NGC4902,Sb,0,0,0,0,0,0,0,0,0,1,0
NGC4904,Sc,0,0,0,0,0,0,0,0,0,0,1
NGC4914,S0,0,0,0,0,1,0,0,0,0,0,0
NGC4915,E0,1,0,0,0,0,0,0,0,0,0,0
NGC4928,Sb,0,0,0,0,0,0,0,0,0,1,0
NGC4933,S0,0,0,0,0,1,0,0,0,0,0,0
NGC4936,E0,1,0,0,0,0,0,0,0,0,0,0
NGC4939,Sb,0,0,0,0,0,0,0,0,0,1,0
NGC4941,Sa,0,0,0,0,0,0,0,0,1,0,0
NGC4945,Sc,0,0,0,0,0,0,0,0,0,0,1
NGC4947,Sb,0,0,0,0,0,0,0,0,0,1,0
NGC4951,Sc,0,0,0,0,0,0,0,0,0,0,1
NGC4958,S0,0,0,0,0,1,0,0,0,0,0,0
NGC4961,SBb,0,0,0,0,0,0,1,0,0,0,0
NGC4976,S0,0,0,0,0,1,0,0,0,0,0,0
NGC4981,SBb,0,0,0,0,0,0,1,0,0,0,0
NGC4984,Sa,0,0,0,0,0,0,0,0,1,0,0
NGC4995,Sb,0,0,0,0,0,0,0,0,0,1,0
NGC4999,SBb,0,0,0,0,0,0,1,0,0,0,0
NGC5005,Sb,0,0,0,0,0,0,0,0,0,1,0
NGC5011,E0,1,0,0,0,0,0,0,0,0,0,0
NGC5012,Sc,0,0,0,0,0,0,0,0,0,0,1
NGC5016,Sc,0,0,0,0,0,0,0,0,0,0,1
NGC5017,E0,1,0,0,0,0,0,0,0,0,0,0
NGC5018,E3-5,0,1,0,0,0,0,0,0,0,0,0
NGC5033,Sc,0,0,0,0,0,0,0,0,0,0,1
NGC5037,Sa,0,0,0,0,0,0,0,0,1,0,0
NGC5044,E0,1,0,0,0,0,0,0,0,0,0,0
NGC5054,Sb,0,0,0,0,0,0,0,0,0,1,0
NGC5055,Sb,0,0,0,0,0,0,0,0,0,1,0
NGC5061,E0,1,0,0,0,0,0,0,0,0,0,0
NGC5064,Sa,0,0,0,0,0,0,0,0,1,0,0
NGC5068,SBc,0,0,0,0,0,0,0,1,0,0,0
NGC5077,E3-5,0,1,0,0,0,0,0,0,0,0,0
NGC5084,S0,0,0,0,0,1,0,0,0,0,0,0
NGC5085,Sc,0,0,0,0,0,0,0,0,0,0,1
NGC5087,S0,0,0,0,0,1,0,0,0,0,0,0
NGC5088,Sc,0,0,0,0,0,0,0,0,0,0,1
NGC5090,E0,1,0,0,0,0,0,0,0,0,0,0
NGC5101,SBa,0,0,0,0,0,1,0,0,0,0,0
NGC5102,S0,0,0,0,0,1,0,0,0,0,0,0
NGC5112,Sc,0,0,0,0,0,0,0,0,0,0,1
NGC5116,Sc,0,0,0,0,0,0,0,0,0,0,1
NGC5119,S0,0,0,0,0,1,0,0,0,0,0,0
NGC5121,Sa,0,0,0,0,0,0,0,0,1,0,0
NGC5122,S0,0,0,0,0,1,0,0,0,0,0,0
NGC5128,S0,0,0,0,0,1,0,0,0,0,0,0
NGC5134,Sb,0,0,0,0,0,0,0,0,0,1,0
NGC5135,SBb,0,0,0,0,0,0,1,0,0,0,0
NGC5147,Sc,0,0,0,0,0,0,0,0,0,0,1
NGC5150,Sb,0,0,0,0,0,0,0,0,0,1,0
NGC5152,Irr,0,0,0,1,0,0,0,0,0,0,0
NGC5156,SBb,0,0,0,0,0,0,1,0,0,0,0
NGC5161,Sc,0,0,0,0,0,0,0,0,0,0,1
NGC5170,Sb,0,0,0,0,0,0,0,0,0,1,0
NGC5172,Sb,0,0,0,0,0,0,0,0,0,1,0
NGC5185,S0,0,0,0,0,1,0,0,0,0,0,0
NGC5188,SBb,0,0,0,0,0,0,1,0,0,0,0
NGC5193,S0,0,0,0,0,1,0,0,0,0,0,0
NGC5194,Sc,0,0,0,0,0,0,0,0,0,0,1
NGC5195,SBa,0,0,0,0,0,1,0,0,0,0,0
NGC5198,E0,1,0,0,0,0,0,0,0,0,0,0
NGC5204,Sb,0,0,0,0,0,0,0,0,0,1,0
NGC5230,Sc,0,0,0,0,0,0,0,0,0,0,1
NGC5236,SBc,0,0,0,0,0,0,0,1,0,0,0
NGC5247,Sc,0,0,0,0,0,0,0,0,0,0,1
NGC5248,Sb,0,0,0,0,0,0,0,0,0,1,0
NGC5253,Irr,0,0,0,1,0,0,0,0,0,0,0
NGC5266,S0,0,0,0,0,1,0,0,0,0,0,0
NGC5273,Sa,0,0,0,0,0,0,0,0,1,0,0
NGC5297,Sc,0,0,0,0,0,0,0,0,0,0,1
NGC5300,Sc,0,0,0,0,0,0,0,0,0,0,1
NGC5301,Sc,0,0,0,0,0,0,0,0,0,0,1
NGC5308,S0,0,0,0,0,1,0,0,0,0,0,0
NGC5313,SBa,0,0,0,0,0,1,0,0,0,0,0
NGC5322,E3-5,0,1,0,0,0,0,0,0,0,0,0
NGC5324,Sb,0,0,0,0,0,0,0,0,0,1,0
NGC5326,Sa,0,0,0,0,0,0,0,0,1,0,0
NGC5328,E3-5,0,1,0,0,0,0,0,0,0,0,0
NGC5334,Sc,0,0,0,0,0,0,0,0,0,0,1
NGC5347,SBb,0,0,0,0,0,0,1,0,0,0,0
NGC5350,Sb,0,0,0,0,0,0,0,0,0,1,0
NGC5351,SBb,0,0,0,0,0,0,1,0,0,0,0
NGC5353,S0,0,0,0,0,1,0,0,0,0,0,0
NGC5356,SBc,0,0,0,0,0,0,0,1,0,0,0
NGC5357,E3-5,0,1,0,0,0,0,0,0,0,0,0
NGC5362,Sb,0,0,0,0,0,0,0,0,0,1,0
NGC5363,S0,0,0,0,0,1,0,0,0,0,0,0
NGC5364,Sc,0,0,0,0,0,0,0,0,0,0,1
NGC5365,Sa,0,0,0,0,0,0,0,0,1,0,0
NGC5371,Sb,0,0,0,0,0,0,0,0,0,1,0
NGC5376,Sb,0,0,0,0,0,0,0,0,0,1,0
NGC5377,Sa,0,0,0,0,0,0,0,0,1,0,0
NGC5380,S0,0,0,0,0,1,0,0,0,0,0,0
NGC5383,SBb,0,0,0,0,0,0,1,0,0,0,0
NGC5395,Sb,0,0,0,0,0,0,0,0,0,1,0
NGC5398,SBc,0,0,0,0,0,0,0,1,0,0,0
NGC5406,Sc,0,0,0,0,0,0,0,0,0,0,1
NGC5419,E3-5,0,1,0,0,0,0,0,0,0,0,0
NGC5422,S0,0,0,0,0,1,0,0,0,0,0,0
NGC5426,Sc,0,0,0,0,0,0,0,0,0,0,1
NGC5427,Sc,0,0,0,0,0,0,0,0,0,0,1
NGC5430,SBb,0,0,0,0,0,0,1,0,0,0,0
NGC5444,E3-5,0,1,0,0,0,0,0,0,0,0,0
NGC5448,Sa,0,0,0,0,0,0,0,0,1,0,0
NGC5457,Sc,0,0,0,0,0,0,0,0,0,0,1
NGC5464,Irr,0,0,0,1,0,0,0,0,0,0,0
NGC5468,Sc,0,0,0,0,0,0,0,0,0,0,1
NGC5473,S0,0,0,0,0,1,0,0,0,0,0,0
NGC5474,Sc,0,0,0,0,0,0,0,0,0,0,1
NGC5480,Sc,0,0,0,0,0,0,0,0,0,0,1
NGC5483,SBc,0,0,0,0,0,0,0,1,0,0,0
NGC5485,S0,0,0,0,0,1,0,0,0,0,0,0
NGC5493,E7,0,0,1,0,0,0,0,0,0,0,0
NGC5494,Sc,0,0,0,0,0,0,0,0,0,0,1
NGC5496,Sc,0,0,0,0,0,0,0,0,0,0,1
NGC5523,Sc,0,0,0,0,0,0,0,0,0,0,1
NGC5530,Sc,0,0,0,0,0,0,0,0,0,0,1
NGC5533,Sb,0,0,0,0,0,0,0,0,0,1,0
NGC5534,SBb,0,0,0,0,0,0,1,0,0,0,0
NGC5548,Sa,0,0,0,0,0,0,0,0,1,0,0
NGC5557,E0,1,0,0,0,0,0,0,0,0,0,0
NGC5566,SBa,0,0,0,0,0,1,0,0,0,0,0
NGC5571,S0,0,0,0,0,1,0,0,0,0,0,0
NGC5574,E7,0,0,1,0,0,0,0,0,0,0,0
NGC5576,E3-5,0,1,0,0,0,0,0,0,0,0,0
NGC5584,Sc,0,0,0,0,0,0,0,0,0,0,1
NGC5585,SBc,0,0,0,0,0,0,0,1,0,0,0
NGC5592,Sb,0,0,0,0,0,0,0,0,0,1,0
NGC5595,Sc,0,0,0,0,0,0,0,0,0,0,1
NGC5597,SBc,0,0,0,0,0,0,0,1,0,0,0
NGC5600,Sb,0,0,0,0,0,0,0,0,0,1,0
NGC5605,Sb,0,0,0,0,0,0,0,0,0,1,0
NGC5612,Sb,0,0,0,0,0,0,0,0,0,1,0
NGC5614,Sa,0,0,0,0,0,0,0,0,1,0,0
NGC5631,Sa,0,0,0,0,0,0,0,0,1,0,0
NGC5633,Sb,0,0,0,0,0,0,0,0,0,1,0
NGC5638,E0,1,0,0,0,0,0,0,0,0,0,0
NGC5641,SBa,0,0,0,0,0,1,0,0,0,0,0
NGC5643,SBc,0,0,0,0,0,0,0,1,0,0,0
NGC5645,Sc,0,0,0,0,0,0,0,0,0,0,1
NGC5653,Sc,0,0,0,0,0,0,0,0,0,0,1
NGC5660,Sc,0,0,0,0,0,0,0,0,0,0,1
NGC5665,Sc,0,0,0,0,0,0,0,0,0,0,1
NGC5668,Sc,0,0,0,0,0,0,0,0,0,0,1
NGC5669,Sc,0,0,0,0,0,0,0,0,0,0,1
NGC5676,Sc,0,0,0,0,0,0,0,0,0,0,1
NGC5678,Sc,0,0,0,0,0,0,0,0,0,0,1
NGC5687,E3-5,0,1,0,0,0,0,0,0,0,0,0
NGC5689,Sa,0,0,0,0,0,0,0,0,1,0,0
NGC5690,Sc,0,0,0,0,0,0,0,0,0,0,1
NGC5691,Sa,0,0,0,0,0,0,0,0,1,0,0
NGC5701,SBa,0,0,0,0,0,1,0,0,0,0,0
NGC5713,Sb,0,0,0,0,0,0,0,0,0,1,0
NGC5728,SBb,0,0,0,0,0,0,1,0,0,0,0
NGC5739,Sa,0,0,0,0,0,0,0,0,1,0,0
NGC5740,Sb,0,0,0,0,0,0,0,0,0,1,0
NGC5746,Sb,0,0,0,0,0,0,0,0,0,1,0
NGC5750,SBa,0,0,0,0,0,1,0,0,0,0,0
NGC5756,Sc,0,0,0,0,0,0,0,0,0,0,1
NGC5757,SBb,0,0,0,0,0,0,1,0,0,0,0
NGC5768,Sc,0,0,0,0,0,0,0,0,0,0,1
NGC5775,Sc,0,0,0,0,0,0,0,0,0,0,1
NGC5791,S0,0,0,0,0,1,0,0,0,0,0,0
NGC5792,SBb,0,0,0,0,0,0,1,0,0,0,0
NGC5796,E0,1,0,0,0,0,0,0,0,0,0,0
NGC5806,Sb,0,0,0,0,0,0,0,0,0,1,0
NGC5812,E0,1,0,0,0,0,0,0,0,0,0,0
NGC5813,E0,1,0,0,0,0,0,0,0,0,0,0
NGC5816,S0,0,0,0,0,1,0,0,0,0,0,0
NGC5820,S0,0,0,0,0,1,0,0,0,0,0,0
NGC5831,E3-5,0,1,0,0,0,0,0,0,0,0,0
NGC5838,S0,0,0,0,0,1,0,0,0,0,0,0
NGC5846,E3-5,0,1,0,0,0,0,0,0,0,0,0
NGC5850,SBb,0,0,0,0,0,0,1,0,0,0,0
NGC5854,Sa,0,0,0,0,0,0,0,0,1,0,0
NGC5861,Sc,0,0,0,0,0,0,0,0,0,0,1
NGC5864,SBa,0,0,0,0,0,1,0,0,0,0,0
NGC5866,S0,0,0,0,0,1,0,0,0,0,0,0
NGC5878,Sb,0,0,0,0,0,0,0,0,0,1,0
NGC5879,Sb,0,0,0,0,0,0,0,0,0,1,0
NGC5885,SBc,0,0,0,0,0,0,0,1,0,0,0
NGC5898,S0,0,0,0,0,1,0,0,0,0,0,0
NGC5899,Sc,0,0,0,0,0,0,0,0,0,0,1
NGC5903,E3-5,0,1,0,0,0,0,0,0,0,0,0
NGC5905,SBb,0,0,0,0,0,0,1,0,0,0,0
NGC5907,Sc,0,0,0,0,0,0,0,0,0,0,1
NGC5908,Sb,0,0,0,0,0,0,0,0,0,1,0
NGC5915,SBc,0,0,0,0,0,0,0,1,0,0,0
NGC5921,SBc,0,0,0,0,0,0,0,1,0,0,0
NGC5936,Sc,0,0,0,0,0,0,0,0,0,0,1
NGC5949,Sc,0,0,0,0,0,0,0,0,0,0,1
NGC5962,Sc,0,0,0,0,0,0,0,0,0,0,1
NGC5967,Sc,0,0,0,0,0,0,0,0,0,0,1
NGC5970,SBb,0,0,0,0,0,0,1,0,0,0,0
NGC5982,E3-5,0,1,0,0,0,0,0,0,0,0,0
NGC5984,SBc,0,0,0,0,0,0,0,1,0,0,0
NGC5985,SBb,0,0,0,0,0,0,1,0,0,0,0
NGC6015,Sc,0,0,0,0,0,0,0,0,0,0,1
NGC6052,Sc,0,0,0,0,0,0,0,0,0,0,1
NGC6070,Sc,0,0,0,0,0,0,0,0,0,0,1
NGC6106,Sc,0,0,0,0,0,0,0,0,0,0,1
NGC6118,Sc,0,0,0,0,0,0,0,0,0,0,1
NGC6181,Sc,0,0,0,0,0,0,0,0,0,0,1
NGC6207,Sc,0,0,0,0,0,0,0,0,0,0,1
NGC6215,Sc,0,0,0,0,0,0,0,0,0,0,1
NGC6217,SBb,0,0,0,0,0,0,1,0,0,0,0
NGC6221,Sb,0,0,0,0,0,0,0,0,0,1,0
NGC6239,SBc,0,0,0,0,0,0,0,1,0,0,0
NGC6300,SBb,0,0,0,0,0,0,1,0,0,0,0
NGC6340,Sa,0,0,0,0,0,0,0,0,1,0,0
NGC6384,Sb,0,0,0,0,0,0,0,0,0,1,0
NGC6412,SBc,0,0,0,0,0,0,0,1,0,0,0
NGC6482,E0,1,0,0,0,0,0,0,0,0,0,0
NGC6503,Sc,0,0,0,0,0,0,0,0,0,0,1
NGC6574,Sb,0,0,0,0,0,0,0,0,0,1,0
NGC6643,Sc,0,0,0,0,0,0,0,0,0,0,1
NGC6684,SBa,0,0,0,0,0,1,0,0,0,0,0
NGC6699,Sc,0,0,0,0,0,0,0,0,0,0,1
NGC6721,E0,1,0,0,0,0,0,0,0,0,0,0
NGC6744,Sc,0,0,0,0,0,0,0,0,0,0,1
NGC6753,Sb,0,0,0,0,0,0,0,0,0,1,0
NGC6754,Sc,0,0,0,0,0,0,0,0,0,0,1
NGC6758,E0,1,0,0,0,0,0,0,0,0,0,0
NGC6769,Sb,0,0,0,0,0,0,0,0,0,1,0
NGC6776,E0,1,0,0,0,0,0,0,0,0,0,0
NGC6780,Sb,0,0,0,0,0,0,0,0,0,1,0
NGC6782,SBb,0,0,0,0,0,0,1,0,0,0,0
NGC6808,Sc,0,0,0,0,0,0,0,0,0,0,1
NGC6810,Sb,0,0,0,0,0,0,0,0,0,1,0
NGC6814,Sc,0,0,0,0,0,0,0,0,0,0,1
NGC6822,Irr,0,0,0,1,0,0,0,0,0,0,0
NGC6835,SBa,0,0,0,0,0,1,0,0,0,0,0
NGC6851,E3-5,0,1,0,0,0,0,0,0,0,0,0
NGC6854,E0,1,0,0,0,0,0,0,0,0,0,0
NGC6861,S0,0,0,0,0,1,0,0,0,0,0,0
NGC6868,E3-5,0,1,0,0,0,0,0,0,0,0,0
NGC6875,SBa,0,0,0,0,0,1,0,0,0,0,0
NGC6876,E3-5,0,1,0,0,0,0,0,0,0,0,0
NGC6878,Sc,0,0,0,0,0,0,0,0,0,0,1
NGC6887,Sa,0,0,0,0,0,0,0,0,1,0,0
NGC6890,Sa,0,0,0,0,0,0,0,0,1,0,0
NGC6893,S0,0,0,0,0,1,0,0,0,0,0,0
NGC6902,Sa,0,0,0,0,0,0,0,0,1,0,0
NGC6907,SBb,0,0,0,0,0,0,1,0,0,0,0
NGC6909,E3-5,0,1,0,0,0,0,0,0,0,0,0
NGC6923,SBc,0,0,0,0,0,0,0,1,0,0,0
NGC6925,Sb,0,0,0,0,0,0,0,0,0,1,0
NGC6935,Sa,0,0,0,0,0,0,0,0,1,0,0
NGC6942,SBa,0,0,0,0,0,1,0,0,0,0,0
NGC6943,Sb,0,0,0,0,0,0,0,0,0,1,0
NGC6946,Sc,0,0,0,0,0,0,0,0,0,0,1
NGC6951,SBb,0,0,0,0,0,0,1,0,0,0,0
NGC6958,S0,0,0,0,0,1,0,0,0,0,0,0
NGC6970,Sc,0,0,0,0,0,0,0,0,0,0,1
NGC6981,SBb,0,0,0,0,0,0,1,0,0,0,0
NGC6984,Sc,0,0,0,0,0,0,0,0,0,0,1
NGC7007,Sa,0,0,0,0,0,0,0,0,1,0,0
NGC7014,E3-5,0,1,0,0,0,0,0,0,0,0,0
NGC7020,Sb,0,0,0,0,0,0,0,0,0,1,0
NGC7029,S0,0,0,0,0,1,0,0,0,0,0,0
NGC7038,Sc,0,0,0,0,0,0,0,0,0,0,1
NGC7041,S0,0,0,0,0,1,0,0,0,0,0,0
NGC7049,Sa,0,0,0,0,0,0,0,0,1,0,0
NGC7059,Sc,0,0,0,0,0,0,0,0,0,0,1
NGC7064,Sc,0,0,0,0,0,0,0,0,0,0,1
NGC7070,SBc,0,0,0,0,0,0,0,1,0,0,0
NGC7079,SBa,0,0,0,0,0,1,0,0,0,0,0
NGC7083,Sb,0,0,0,0,0,0,0,0,0,1,0
NGC7090,SBc,0,0,0,0,0,0,0,1,0,0,0
NGC7096,Sa,0,0,0,0,0,0,0,0,1,0,0
NGC7097,E3-5,0,1,0,0,0,0,0,0,0,0,0
NGC7107,Irr,0,0,0,1,0,0,0,0,0,0,0
NGC7119,Sc,0,0,0,0,0,0,0,0,0,0,1
NGC7121,Sb,0,0,0,0,0,0,0,0,0,1,0
NGC7124,SBb,0,0,0,0,0,0,1,0,0,0,0
NGC7125,Sc,0,0,0,0,0,0,0,0,0,0,1
NGC7126,Sa,0,0,0,0,0,0,0,0,1,0,0
NGC7135,S0,0,0,0,0,1,0,0,0,0,0,0
NGC7137,Sc,0,0,0,0,0,0,0,0,0,0,1
NGC7144,E0,1,0,0,0,0,0,0,0,0,0,0
NGC7145,E0,1,0,0,0,0,0,0,0,0,0,0
NGC7155,S0,0,0,0,0,1,0,0,0,0,0,0
NGC7157,S0,0,0,0,0,1,0,0,0,0,0,0
NGC7162,Sb,0,0,0,0,0,0,0,0,0,1,0
NGC7166,S0,0,0,0,0,1,0,0,0,0,0,0
NGC7168,E3-5,0,1,0,0,0,0,0,0,0,0,0
NGC7171,Sb,0,0,0,0,0,0,0,0,0,1,0
NGC7177,Sa,0,0,0,0,0,0,0,0,1,0,0
NGC7184,Sb,0,0,0,0,0,0,0,0,0,1,0
NGC7192,S0,0,0,0,0,1,0,0,0,0,0,0
NGC7196,E3-5,0,1,0,0,0,0,0,0,0,0,0
NGC7205,Sb,0,0,0,0,0,0,0,0,0,1,0
NGC7213,Sa,0,0,0,0,0,0,0,0,1,0,0
NGC7217,Sb,0,0,0,0,0,0,0,0,0,1,0
NGC7218,Sc,0,0,0,0,0,0,0,0,0,0,1
NGC7232,Sb,0,0,0,0,0,0,0,0,0,1,0
NGC7252,Irr,0,0,0,1,0,0,0,0,0,0,0
NGC7300,Sc,0,0,0,0,0,0,0,0,0,0,1
NGC7302,S0,0,0,0,0,1,0,0,0,0,0,0
NGC7307,SBc,0,0,0,0,0,0,0,1,0,0,0
NGC7309,Sc,0,0,0,0,0,0,0,0,0,0,1
NGC7314,Sc,0,0,0,0,0,0,0,0,0,0,1
NGC7329,SBc,0,0,0,0,0,0,0,1,0,0,0
NGC7331,Sb,0,0,0,0,0,0,0,0,0,1,0
NGC7332,S0,0,0,0,0,1,0,0,0,0,0,0
NGC7361,Sc,0,0,0,0,0,0,0,0,0,0,1
NGC7371,SBa,0,0,0,0,0,1,0,0,0,0,0
NGC7377,Sa,0,0,0,0,0,0,0,0,1,0,0
NGC7392,Sb,0,0,0,0,0,0,0,0,0,1,0
NGC7410,SBa,0,0,0,0,0,1,0,0,0,0,0
NGC7412,Sc,0,0,0,0,0,0,0,0,0,0,1
NGC7418,Sc,0,0,0,0,0,0,0,0,0,0,1
NGC7421,SBb,0,0,0,0,0,0,1,0,0,0,0
NGC7424,Sc,0,0,0,0,0,0,0,0,0,0,1
NGC7448,Sc,0,0,0,0,0,0,0,0,0,0,1
NGC7456,Sc,0,0,0,0,0,0,0,0,0,0,1
NGC7457,E7,0,0,1,0,0,0,0,0,0,0,0
NGC7462,SBc,0,0,0,0,0,0,0,1,0,0,0
NGC7469,Sa,0,0,0,0,0,0,0,0,1,0,0
NGC7479,SBb,0,0,0,0,0,0,1,0,0,0,0
NGC7496,SBc,0,0,0,0,0,0,0,1,0,0,0
NGC7507,E0,1,0,0,0,0,0,0,0,0,0,0
NGC7531,Sb,0,0,0,0,0,0,0,0,0,1,0
NGC7541,Sc,0,0,0,0,0,0,0,0,0,0,1
NGC7552,SBc,0,0,0,0,0,0,0,1,0,0,0
NGC7582,SBb,0,0,0,0,0,0,1,0,0,0,0
NGC7585,Sa,0,0,0,0,0,0,0,0,1,0,0
NGC7590,Sc,0,0,0,0,0,0,0,0,0,0,1
NGC7599,Sc,0,0,0,0,0,0,0,0,0,0,1
NGC7600,S0,0,0,0,0,1,0,0,0,0,0,0
NGC7606,Sb,0,0,0,0,0,0,0,0,0,1,0
NGC7619,E3-5,0,1,0,0,0,0,0,0,0,0,0
NGC7625,Sa,0,0,0,0,0,0,0,0,1,0,0
NGC7626,E0,1,0,0,0,0,0,0,0,0,0,0
NGC7640,SBc,0,0,0,0,0,0,0,1,0,0,0
NGC7678,SBc,0,0,0,0,0,0,0,1,0,0,0
NGC7679,Sa,0,0,0,0,0,0,0,0,1,0,0
NGC7689,Sc,0,0,0,0,0,0,0,0,0,0,1
NGC7690,Sa,0,0,0,0,0,0,0,0,1,0,0
NGC7702,Sa,0,0,0,0,0,0,0,0,1,0,0
NGC7713,Sc,0,0,0,0,0,0,0,0,0,0,1
NGC7716,Sa,0,0,0,0,0,0,0,0,1,0,0
NGC7721,Sb,0,0,0,0,0,0,0,0,0,1,0
NGC7723,SBb,0,0,0,0,0,0,1,0,0,0,0
NGC7727,Sa,0,0,0,0,0,0,0,0,1,0,0
NGC7741,SBc,0,0,0,0,0,0,0,1,0,0,0
NGC7742,Sa,0,0,0,0,0,0,0,0,1,0,0
NGC7743,SBa,0,0,0,0,0,1,0,0,0,0,0
NGC7744,S0,0,0,0,0,1,0,0,0,0,0,0
NGC7755,Sc,0,0,0,0,0,0,0,0,0,0,1
NGC7764,Irr,0,0,0,1,0,0,0,0,0,0,0
NGC7769,Sb,0,0,0,0,0,0,0,0,0,1,0
NGC7782,Sb,0,0,0,0,0,0,0,0,0,1,0
NGC7785,E3-5,0,1,0,0,0,0,0,0,0,0,0
NGC7793,Sc,0,0,0,0,0,0,0,0,0,0,1
NGC7796,E0,1,0,0,0,0,0,0,0,0,0,0
NGC7814,Sa,0,0,0,0,0,0,0,0,1,0,0
